channel,contribution
Wealth / real-return channel,0.005552131795963181
Pre-tax income channel,0.062438257017446805
Tax recycling channel,-0.00512747607984069
Price / purchasing-power channel,-0.005977312510311861
Hours / labor-disutility channel,0.005285381863526969
Total,0.0621709820867844
