channel,contribution
Wealth / real-return channel,0.01590801454279811
Pre-tax income channel,-0.6064283965889539
Tax recycling channel,0.23633527569196142
Price / purchasing-power channel,0.05861596290094862
Hours / labor-disutility channel,0.014019162244872468
Total,-0.28154998120837327
